Designator,Mid X,Mid Y,Rotation,Layer
J2,75.878059,-96.759111,-90.0,top
RJ1,144.5,-102.12918,180.0,top
D1,210.951106,-107.253113,180.0,top
R1,210.951107,-105.713113,180.0,top
J1,213.210341,-96.759111,90.0,top
