Designator,Mid X,Mid Y,Rotation,Layer
J4,200.66,-120.015,0.0,top
J3,200.689997,-103.365836,180.0,top
J1,181.61,-100.33,180.0,top
J2,181.381397,-117.475,0.0,top
